Bujur,Lintang
-7.257500,112.752100
-6.208800,106.845600
6.350000,99.800000
10.474400,98.930500
13.756300,100.501800
23.556500,117.622700
25.033000,121.565400
7.190700,125.455300
-0.911600,119.900400
-7.257500,112.752100
